name,description,address,tags,menu,social_urls,timezone
Burg & Barrel Food Truck,"Overland Park's gastropub on wheels — locally sourced beef burgers, beer-battered chicken strips, and hand-cut fries served at events across the metro.",,Burgers|American,Bacon Cheddar Burger|Beer-Battered Chicken Strips|Hand-Cut Fries|Salmon BLT,https://burgandbarrel.com|https://www.facebook.com/BurgFoodTruck,America/Chicago
Pacos Tacos Food Truck,"A West Bottoms taco truck serving street tacos, carne asada burritos, and house-made horchata.","1800 Central Street, Kansas City, MO 64108",Mexican|Tacos,Street Tacos|Carne Asada Burrito|Horchata,https://www.instagram.com/pacostacoskc/|https://www.facebook.com/paco.s.tacos.kc/,America/Chicago
Cocina Sabor Latino,"Latin street food off Shawnee Mission Parkway — birria and al pastor tacos on handmade tortillas, gorditas, tortas, and aguas frescas.","10336 Shawnee Mission Pkwy, Shawnee, KS 66203",Mexican|Latin American,Birria Tacos|Al Pastor Tacos|Gorditas|Asada Torta|Mango Habanero Wings|Aguas Frescas,https://www.tiktok.com/@cocinasaborlatinokc913,America/Chicago
Pa'Tacos Food Truck,"An East-side taco truck open late seven days a week, known for birria with rich consomé and a trio of house salsas.","6408 E 87th St, Kansas City, MO 64138",Mexican|Tacos,Birria Tacos|Al Pastor Tacos|Carnitas Tacos|Asada Tacos|Lengua Tacos,,America/Chicago
Estrella Azul Mexican Cuisine,"A family food truck on Johnson Drive in Mission serving street tacos, shrimp burritos, chilaquiles, and churros.","6011 Johnson Dr, Mission, KS 66202",Mexican|Tacos,Street Tacos=12|Chicken Quesadilla=12|Shrimp Burrito|Chilaquiles Verdes|Carne Asada Fries|Churros=3.50,https://www.facebook.com/EstrellaAZULKC2/,America/Chicago
Tacos Ruby's,"A Roeland Park taco truck built on family recipes — al pastor, quesabirria, tortas, and burritos in the Price Chopper lot on Roe.","4950 Roe Blvd, Roeland Park, KS 66205",Mexican|Tacos,Tacos al Pastor|Quesabirria|Burrito de Pollo|Tortas|Nachos,https://www.facebook.com/p/Tacos-Rubys-61554710386143/,America/Chicago
Taqueria La Nueva Food Truck,"A Shawnee taqueria truck on Quivira Road with al pastor tacos, quesabirria, and homemade sauces.","6495 Quivira Rd, Shawnee, KS 66216",Mexican|Tacos,Al Pastor Tacos|Quesabirria Tacos|Street Tacos|Tortas|Chicken Burrito,https://www.instagram.com/taquerialanuevafoodtruck/,America/Chicago
Happy Belly Food Truck,"A fully-functioning mobile restaurant on Gillham Road with an eclectic menu that runs from breakfast through late night.","2976 Gillham Rd, Kansas City, MO 64108",American|Burgers,Breakfast Sandwich|Burgers|Gourmet Sandwiches,https://www.facebook.com/happybellykc/,America/Chicago
Miranda's Mexican Food Truck,"A family owned kitchen on wheels on Southwest Boulevard — tacos de canasta, flautas, huaraches, and street tacos made to order, with a cozy patio.","3029 Southwest Blvd, Kansas City, MO 64108",Mexican|Tacos,Street Tacos|Tacos de Canasta|Chicken Flautas|Huaraches,https://mirandasmexicanfoodtruck.com/,America/Chicago
Crave of Kansas City Food Truck,"A family-owned Shawnee truck since 2012, known for chicken fusion tacos, slow-roasted carnitas, and loaded nachos with scratch-made sauces.","13014 W 66th St, Shawnee, KS 66216",Tacos|Fusion,Chicken Fusion Tacos|Carnitas Tacos|Shrimp Tacos|Loaded Nachos,https://www.cravekc.com/|https://www.facebook.com/CraveOfKcFoodTruck/,America/Chicago
Tacos El Migue,"A Shawnee taco truck on 75th Street serving carne asada, chorizo, and birria with consomé, open seven days a week.","10810 W 75th St, Shawnee, KS 66214",Mexican|Tacos,Carne Asada Tacos|Birria Tacos|Quesabirria|Chorizo Tacos|Churros,https://tacosselmigue.com/,America/Chicago
Aunt Mildred's #10 BBQ Food Truck,"Three generations of family recipe behind a sweet-and-spicy Southern-style sauce, with slow-smoked pulled pork, brisket, and ribs on Blue Ridge Boulevard.","4704 Blue Ridge Blvd, Kansas City, MO 64133",BBQ,Pulled Pork Sandwich|Brisket Sandwich|Ribs|Baked Beans|Potato Salad,https://www.auntmildreds10.com/|https://www.instagram.com/auntmildreds10_bbq/|https://www.facebook.com/AuntMildreds10/,America/Chicago
Taste of Kansas City BBQ & Grill,"KC-style barbecue on Prospect Avenue — burnt ends, chopped brisket, rib tips, smoked wings, and loaded fries.","7935 Prospect Ave, Kansas City, MO 64132",BBQ,Burnt Ends|Chopped Brisket on Bun|Pulled Pork on Bun|Rib Tips|Smoked Wings|Loaded Fries,https://www.tasteofkcbbq.com/,America/Chicago
2Hot2Handle BBQ KC,"Kansas City Kansas barbecue — secret-recipe rubs slow smoked over hardwoods, with scratch sides and cheesecake rolls for dessert.",,BBQ,Smoked Baked Beans|Mac and Cheese|Chicken Tenders|Strawberry Cheesecake Roll,https://www.facebook.com/2Hot2HandleBBQ/,America/Chicago
Rascals Big Red Food Truck,"Independence's smashburger truck on Noland Road — double-patty smashes with Rascal sauce, chili cheese fries, and tots.","3750 S Noland Rd, Independence, MO 64055",Burgers,Double Smashburger|Chili Cheese Fries|Chili Cheese Tots,https://www.facebook.com/rascalsbigredKc/,America/Chicago
Bao Wowz,"Kansas City's first handcrafted bao bun truck — Southeast Asian flavors with a Korean twist, from lemongrass chicken bao to Korean fried chicken.","7503 N Oak Trafficway, Kansas City, MO 64118",Asian Fusion,Lemongrass Chicken Bao|Char Siu Chicken Bao|Korean Fried Chicken|Rice Bowls,https://baowowzfoodtruck.com/|https://www.instagram.com/bao_wowz2024/,America/Chicago
Bankai Sushi,"A sushi truck on Shawnee Drive, born in Santiago, Chile — specialty rolls like the plantain-wrapped Tropical Roll alongside classic Japanese flavors.","4200 Shawnee Dr, Kansas City, KS 66106",Sushi|Japanese,Tropical Roll=15|Rainbow Roll=15|Bankai Roll,https://bankaisushiusa.com/|https://www.instagram.com/bankaisushiusa/,America/Chicago
LC's Hamburger Food Truck,"A locally owned truck that pops up all over Kansas City with burgers, smashburger fries, Philly cheesesteaks, fried fish and chicken — vegan options included.",,Burgers|American,Smashburger Fries|Philly Cheesesteak|Fried Fish|Fried Chicken,https://www.facebook.com/lcshamburgersexpress/,America/Chicago
The Funnel Cake Truck,"Kansas City's dessert truck — fresh funnel cakes, deep-fried Oreos and Twinkies, cotton candy, and kettle korn at events across the metro.",,Desserts,Funnel Cake|Deep Fried Oreos|Deep Fried Twinkies|Deep Fried Snickers|Cotton Candy|Kettle Korn,https://www.thefunnelcaketruck.com/|https://www.facebook.com/thefunnelcaketruck/,America/Chicago
